{
  "L2": 1.3166111369001651e-05,
  "lr": 0.0004242788238855808
}