Raw,Gamma-High,Gamma-Low,Beta,Alpha,Theta
0.5056,0.5047999999999999,0.5059999999999999,0.5048,0.504,0.5024000000000001
