{
  "L2": 7.586856567658657e-05,
  "lr": 5.826700691542165e-05
}