{
  "L2": 2.3142871139158665e-07,
  "lr": 0.00032583816653387063
}