{
  "L2": 8.305609321967318e-07,
  "lr": 0.00021756518027038873
}